title,domestic_gross,foreign_gross
Toy Story 3,415000000.0,652000000.0
Alice in Wonderland (2010),334200000.0,691300000.0
Harry Potter and the Deathly Hallows Part 1,296000000.0,664300000.0
Inception,292600000.0,535700000.0
Shrek Forever After,238700000.0,513900000.0
The Twilight Saga: Eclipse,300500000.0,398000000.0
Iron Man 2,312400000.0,311500000.0
Tangled,200800000.0,391000000.0
Despicable Me,251500000.0,291600000.0
How to Train Your Dragon,217600000.0,277300000.0
Clash of the Titans (2010),163200000.0,330000000.0
The Chronicles of Narnia: The Voyage of the Dawn Treader,104400000.0,311300000.0
The King's Speech,135500000.0,275400000.0
Tron Legacy,172100000.0,228000000.0
The Karate Kid,176600000.0,182500000.0
Prince of Persia: The Sands of Time,90800000.0,245600000.0
Black Swan,107000000.0,222400000.0
Megamind,148400000.0,173500000.0
Robin Hood,105300000.0,216400000.0
The Last Airbender,131800000.0,187900000.0
Little Fockers,148400000.0,162200000.0
Resident Evil: Afterlife,60100000.0,240100000.0
Shutter Island,128000000.0,166800000.0
Salt,118300000.0,175200000.0
Sex and the City 2,95300000.0,193000000.0
The Tourist,67600000.0,210700000.0
The Expendables,103100000.0,171400000.0
Grown Ups,162000000.0,109400000.0
Knight & Day,76400000.0,185500000.0
True Grit,171200000.0,81000000.0
Gulliver's Travels,42800000.0,194600000.0
Percy Jackson & The Olympians: The Lightning Thief,88800000.0,137700000.0
The Social Network,97000000.0,128000000.0
Valentine's Day,110500000.0,106000000.0
The Sorcerer's Apprentice,63200000.0,152100000.0
Due Date,100500000.0,111200000.0
Eat Pray Love,80600000.0,124000000.0
Yogi Bear,100200000.0,101300000.0
Red,90400000.0,108600000.0
Paranormal Activity 2,84800000.0,92800000.0
The A-Team,77200000.0,100000000.0
Jackass 3-D,117200000.0,54500000.0
The Other Guys,119200000.0,51200000.0
Unstoppable,81600000.0,86200000.0
Step Up 3-D,42400000.0,116900000.0
The Book of Eli,94800000.0,62300000.0
The Town,92200000.0,61800000.0
Date Night,98700000.0,53600000.0
Legend of the Guardians: The Owls of Ga'Hoole,55700000.0,84400000.0
The Wolfman,62000000.0,77800000.0
The Bounty Hunter,67099999.0,69300000.0
Saw 3D,45700000.0,90400000.0
Wall Street: Money Never Sleeps,52500000.0,82300000.0
The Fighter,93600000.0,35600000.0
Predators,52000000.0,75200000.0
A Nightmare on Elm Street (2010),63100000.0,52600000.0
Dear John,80000000.0,35000000.0
Cats & Dogs: The Revenge of Kitty Galore,43600000.0,68900000.0
Tooth Fairy,60000000.0,52400000.0
Life as We Know It,53400000.0,52300000.0
Hereafter,32700000.0,72500000.0
The Girl with the Dragon Tattoo,10100000.0,94300000.0
Love and Other Drugs,32400000.0,70500000.0
Aftershock (Tangshan Dadizhen),63000.0,100200000.0
Killers,47100000.0,51100000.0
Kick-Ass,48100000.0,48100000.0
Green Zone,35100000.0,59800000.0
Nanny McPhee Returns,29000000.0,64200000.0
Get Him to the Greek,61000000.0,30300000.0
Burlesque,39400000.0,50100000.0
The Last Song,63000000.0,26100000.0
Dinner for Schmucks,73000000.0,13800000.0
Marmaduke,33600000.0,50100000.0
Piranha 3D,25000000.0,58200000.0
Oceans,19400000.0,63200000.0
Edge of Darkness,43300000.0,37800000.0
Vampires Suck,36700000.0,43900000.0
Letters to Juliet,53000000.0,26100000.0
The Back-Up Plan,37500000.0,40000000.0
If You Are the One 2 (Fei Cheng Wu Rao II),427000.0,75600000.0
Diary of a Wimpy Kid,64000000.0,11700000.0
Easy A,58400000.0,16600000.0
Hubble 3D,52400000.0,21500000.0
Takers,57700000.0,11300000.0
Tales from Earthsea,48500.0,68600000.0
Legion (2010),40200000.0,27800000.0
The American,35600000.0,32299999.0
The Last Exorcism,41000000.0,26700000.0
The Next Three Days,21100000.0,46300000.0
The Girl Who Played with Fire,7600000.0,59500000.0
Skyline,21400000.0,45400000.0
Hot Tub Time Machine,50300000.0,14300000.0
Devil,33600000.0,29100000.0
127 Hours,18300000.0,42400000.0
Tyler Perry's Why Did I Get Married Too?,60100000.0,578000.0
Secretariat,59700000.0,537000.0
The Ghost Writer,15500000.0,44700000.0
Morning Glory,31000000.0,29000000.0
Remember Me,19100000.0,37000000.0
Cop Out,44900000.0,10700000.0
The Crazies,39100000.0,15700000.0
From Paris with Love,24100000.0,28700000.0
Daybreakers,30100000.0,21300000.0
Alpha and Omega,25100000.0,25400000.0
The Switch,27800000.0,22100000.0
She's Out of My League,32000000.0,17800000.0
Death at a Funeral (2010),42700000.0,6300000.0
How Do You Know,30200000.0,18500000.0
Charlie St. Cloud,31200000.0,17000000.0
Scott Pilgrim vs. the World,31500000.0,16100000.0
Heartbreaker,504000.0,46900000.0
The Spy Next Door,24300000.0,20900000.0
"The Good, the Bad, the Weird",128000.0,44100000.0
Machete,26600000.0,17500000.0
The Girl Who Kicked the Hornet's Nest,5200000.0,38300000.0
The Man From Nowhere,528000.0,42500000.0
When in Rome,32700000.0,10400000.0
My Name is Khan,4000000.0,38300000.0
Going the Distance,17800000.0,24200000.0
The Concert,658000.0,40500000.0
Agora,619000.0,38400000.0
For Colored Girls,37700000.0,17300.0
Brooklyn's Finest,27200000.0,9300000.0
Furry Vengeance,17600000.0,18600000.0
Faster,23200000.0,12400000.0
The Kids Are All Right,20800000.0,13900000.0
You Will Meet a Tall Dark Stranger,3200000.0,31000000.0
The Secret in Their Eyes,6400000.0,27600000.0
Avatar: Special Edition,10700000.0,22500000.0
Leap Year,25900000.0,6700000.0
You Again,25700000.0,6300000.0
Mesrine: Killer Instinct,552000.0,30500000.0
The Losers,23600000.0,5800000.0
Case 39,13300000.0,14900000.0
Ramona and Beezus,26200000.0,1100000.0
Splice,17000000.0,9800000.0
Fair Game (2010),9500000.0,14600000.0
Let Me In,12100000.0,12000000.0
Mao's Last Dancer,4800000.0,17500000.0
Just Wright,21500000.0,29900.0
Our Family Wedding,20300000.0,1200000.0
My Soul to Take,14700000.0,6200000.0
71 Into the Fire,177000.0,20800000.0
"I Love You, Phillip Morris",2000000.0,18700000.0
Country Strong,20200000.0,310000.0
Another Year,3200000.0,16500000.0
Youth in Revolt,15300000.0,4400000.0
Buried,1000000.0,18100000.0
[Rec] 2,27800.0,18500000.0
Repo Men,13800000.0,4600000.0
A Prophet (Un proph√®te),2100000.0,15800000.0
Soul Kitchen,277000.0,17600000.0
Mother (2010),552000.0,16600000.0
Micmacs,1300000.0,15100000.0
The Nutcracker in 3D,195000.0,16000000.0
Sea Rex 3D: Journey to a Prehistoric World,6100000.0,9900000.0
I Hate Luv Storys,848000.0,14900000.0
Extraordinary Measures,12100000.0,3100000.0
Somewhere,1800000.0,12200000.0
Winter's Bone,6500000.0,7300000.0
The Last Station,6600000.0,6900000.0
Raajneeti,1500000.0,11100000.0
Made in Dagenham,1100000.0,11300000.0
Blue Valentine,9700000.0,2600000.0
Tamara Drewe,560000.0,11400000.0
Chloe,3100000.0,8600000.0
Looking for Eric,55800.0,11500000.0
The Warrior's Way,5700000.0,5400000.0
I Am Love,5000000.0,5900000.0
Jonah Hex,10500000.0,356000.0
Harry Brown,1800000.0,8500000.0
Cyrus,7500000.0,2500000.0
Conviction,6800000.0,2900000.0
Get Low,9200000.0,518000.0
Babies,7300000.0,2200000.0
Stone,1800000.0,7700000.0
Peepli Live,758000.0,8700000.0
Never Let Me Go,2400000.0,7000000.0
Mid-August Lunch,675000.0,8700000.0
MacGruber,8500000.0,797000.0
City Island,6700000.0,1200000.0
Inside Job,4300000.0,3600000.0
The Joneses,1500000.0,5500000.0
Centurion,124000.0,6700000.0
Animal Kingdom,1000000.0,5700000.0
Nowhere Boy,1500000.0,5100000.0
It's Kind of a Funny Story,6400000.0,128000.0
"Waiting for ""Superman""",6400000.0,9300.0
Greenberg,4200000.0,1900000.0
Coco Chanel & Igor Stravinsky,1600000.0,4099999.0
Vincere,619000.0,5100000.0
The Illusionist (2010),2200000.0,3400000.0
Exit Through the Gift Shop,3300000.0,2000000.0
Mademoiselle Chambon,532000.0,4700000.0
Solitary Man,4400000.0,818000.0
Rabbit Hole,2200000.0,2900000.0
Vision,435000.0,4600000.0
Mother and Child,1100000.0,3900000.0
The Runaways,3600000.0,1100000.0
Four Lions,305000.0,4400000.0
Wild Grass,404000.0,4200000.0
Please Give,4000000.0,280000.0
Monsters,237000.0,4000000.0
Rare Exports: A Christmas Tale,236000.0,3800000.0
The Killer Inside Me,217000.0,3800000.0
The Perfect Game,1000000.0,2800000.0
To Save a Life,3800000.0,45800.0
Inspector Bellamy,108000.0,3600000.0
Catfish,3200000.0,242000.0
Wild Target,109000.0,3300000.0
Outside the Law (Hors-la-loi),96900.0,3300000.0
Frozen (2010),246000.0,2900000.0
Dabangg,1300000.0,1700000.0
Kites,1600000.0,1300000.0
Letters to God,2800000.0,60300.0
Twelve,184000.0,2400000.0
Tees Maar Khan,1100000.0,1400000.0
Fish Tank,375000.0,2000000.0
Housefull,1200000.0,1200000.0
Golmaal 3,1100000.0,935000.0
After.Life,109000.0,1900000.0
Cairo Time,1600000.0,391000.0
Guzaarish,1000000.0,695000.0
Ondine,550000.0,1100000.0
Anjaana Anjaani,855000.0,761000.0
John Rabe,67500.0,1400000.0
Restrepo,1300000.0,105000.0
Raavan,709000.0,648000.0
The City of Your Final Destination,493000.0,859000.0
Ajami,622000.0,669000.0
Army of Crime,37000.0,1200000.0
Lebanon,368000.0,830000.0
Howl,617000.0,566000.0
Videocracy,23700.0,1200000.0
When You're Strange,246000.0,901000.0
The Salvation Poem (Poema de Salvacion),915000.0,183000.0
Casino Jack,1000000.0,40700.0
Leaving,176000.0,893000.0
Khatta Meetha,542000.0,499000.0
We Are Family,638000.0,393000.0
Leaves of Grass,70100.0,949000.0
North Face,711000.0,216000.0
Creation,341000.0,555000.0
No One Knows About Persian Cats,81800.0,798000.0
Carlos,146000.0,726000.0
Hideaway (Le Refuge),34500.0,837000.0
The Disappearance of Alice Creed,167000.0,701000.0
Break Ke Baad,428000.0,389000.0
Veer (2010),527000.0,277000.0
Life During Wartime,281000.0,487000.0
Enter the Void,336000.0,418000.0
The Secret of Kells,677000.0,62700.0
No Problem,285000.0,369000.0
All Good Things,582000.0,62500.0
Jack Goes Boating,542000.0,77600.0
Holy Rollers,303000.0,305000.0
Chain Letter,139000.0,447000.0
I Spit on Your Grave,93100.0,480000.0
I'm Still Here,409000.0,160000.0
Salt of this Sea,11700.0,545000.0
Undertow (2010),109000.0,393000.0
Father of My Children,144000.0,335000.0
The Greatest (2010),115000.0,359000.0
The Extra Man,453000.0,4500.0
Dogtooth,110000.0,274000.0
The Tempest,278000.0,68700.0
The Good Heart,20900.0,323000.0
Formosa Betrayed,225000.0,101000.0
Red Hill,21100.0,300000.0
Welcome to the Rileys,159000.0,158000.0
"A Woman, A Gun and A Noodle Shop",191000.0,121000.0
The Girl on the Train,208000.0,97100.0
Mesrine: Public Enemy No. 1,275000.0,28100.0
44 Inch Chest,39000.0,255000.0
Karthik Calling Karthik,286000.0,7100.0
Eyes Wide Open,26300.0,250000.0
Waste Land,188000.0,88700.0
South of the Border,199000.0,70800.0
Human Centipede,181000.0,70700.0
"Lovely, Still",128000.0,106000.0
The Girl (Flickan),2200.0,229000.0
Bitch Slap,17400.0,182000.0
Chance Pe Dance,169000.0,24300.0
Client 9: The Rise and Fall of Eliot Spitzer,189000.0,3500.0
Perrier's Bounty,800.0,167000.0
Around a Small Mountain,33200.0,131000.0
Spring Fever,10800.0,150000.0
The Eclipse,133000.0,26400.0
George A. Romero's Survival of the Dead,102000.0,41500.0
The Romantics,107000.0,17300.0
Freakonomics,101000.0,16400.0
Saint John of Las Vegas,103000.0,9100.0
Band Baaja Baaraat,43800.0,60700.0
Kisses,81700.0,15300.0
Waking Sleeping Beauty,80700.0,4200.0
Enemies of the People,73200.0,6400.0
Hadewijch,5000.0,57500.0
As Good as Dead,2000.0,53600.0
Inhale,4100.0,51000.0
District B13: Ultimatum,36100.0,16200.0
GasLand,30800.0,18600.0
Boogie Woogie,2600.0,44900.0
Come Undone (2010),10000.0,31300.0
The Red Baron,37200.0,3100.0
Bluebeard,33500.0,5200.0
Daddy Longlegs,21800.0,11500.0
Nenette,18000.0,5400.0
Picture Me,12000.0,10400.0
The Thorn in the Heart,7400.0,10500.0
Harry Potter and the Deathly Hallows Part 2,381000000.0,960500000.0
Transformers: Dark of the Moon,352400000.0,771400000.0
Pirates of the Caribbean: On Stranger Tides,241100000.0,804600000.0
The Twilight Saga: Breaking Dawn Part 1,281300000.0,430900000.0
Mission: Impossible - Ghost Protocol,209400000.0,485300000.0
Kung Fu Panda 2,165200000.0,500400000.0
Fast Five,209800000.0,416300000.0
The Hangover Part II,254500000.0,332300000.0
The Smurfs,142600000.0,421100000.0
Cars 2,191500000.0,370700000.0
Puss in Boots,149300000.0,405700000.0
Sherlock Holmes: A Game of Shadows,186800000.0,358600000.0
Rio,143600000.0,341000000.0
Rise of the Planet of the Apes,176800000.0,305000000.0
Thor,181000000.0,268300000.0
The Adventures of Tintin,77600000.0,296400000.0
Captain America: The First Avenger,176700000.0,193900000.0
X-Men: First Class,146400000.0,207200000.0
Alvin and the Chipmunks: Chipwrecked,133100000.0,209600000.0
Real Steel,85500000.0,213800000.0
Bridesmaids,169100000.0,119300000.0
Super 8,127000000.0,133100000.0
Rango,123500000.0,122200000.0
The Girl with the Dragon Tattoo (2011),102500000.0,130100000.0
The Green Hornet,98800000.0,129000000.0
Immortals,83500000.0,143400000.0
Green Lantern,116600000.0,103300000.0
The Help,169700000.0,46900000.0
Bad Teacher,100300000.0,115900000.0
Just Go With It,103000000.0,111900000.0
Battle: Los Angeles,83600000.0,128300000.0
Horrible Bosses,117500000.0,92100000.0
Paranormal Activity 3,104000000.0,103000000.0
Gnomeo and Juliet,100000000.0,94000000.0
Mr. Popper's Penguins,68200000.0,119100000.0
Hugo,73900000.0,111900000.0
The Lion King (in 3D),94200000.0,91300000.0
Hop,108100000.0,75900000.0
War Horse,79900000.0,97700000.0
The Descendants,82600000.0,94700000.0
Cowboys & Aliens,100200000.0,74600000.0
In Time,37500000.0,136400000.0
Zookeeper,80400000.0,89500000.0
The Muppets,88600000.0,76600000.0
Limitless,79200000.0,82600000.0
Johnny English Reborn,8300000.0,151800000.0
Final Destination 5,42600000.0,115300000.0
Tower Heist,78000000.0,74900000.0
Midnight in Paris,56800000.0,94300000.0
Happy Feet Two,64000000.0,86400000.0
I Am Number Four,55100000.0,94800000.0
Jack and Jill,74200000.0,75500000.0
Friends with Benefits,55800000.0,93700000.0
No Strings Attached,70700000.0,78600000.0
Arthur Christmas,46500000.0,101000000.0
Source Code,54700000.0,92600000.0
"Crazy, Stupid, Love.",84400000.0,58500000.0
New Year's Eve,54500000.0,87500000.0
Contagion,75700000.0,59800000.0
The Artist,44700000.0,88800000.0
The Three Musketeers (2011),20400000.0,111900000.0
Unknown,63700000.0,67099999.0
The Adjustment Bureau,62500000.0,65400000.0
We Bought a Zoo,75600000.0,44500000.0
Water for Elephants,58700000.0,58400000.0
The Iron Lady,30000000.0,84900000.0
Moneyball,75600000.0,34600000.0
Sanctum,23200000.0,85400000.0
Justin Bieber: Never Say Never,73000000.0,26000000.0
Paul,37400000.0,60600000.0
Scream 4,38200000.0,59000000.0
Insidious,54000000.0,43000000.0
The Rite,33000000.0,63000000.0
Dolphin Tale,72300000.0,23100000.0
Season of the Witch,24800000.0,66800000.0
Sucker Punch,36400000.0,53400000.0
Red Riding Hood,37700000.0,51500000.0
Spy Kids: All the Time in the World,38500000.0,47000000.0
J. Edgar,37300000.0,47600000.0
Hall Pass,45100000.0,38100000.0
"Big Mommas: Like Father, Like Son",37900000.0,44800000.0
Abduction,28100000.0,54000000.0
"Tinker, Tailor, Soldier, Spy",24100000.0,56500000.0
Priest,29100000.0,49200000.0
Drive (2011),35100000.0,41100000.0
The Mechanic,29100000.0,47000000.0
The Ides of March,41000000.0,35000000.0
The Change-Up,37100000.0,38400000.0
The Lincoln Lawyer,58000000.0,17000000.0
Diary of a Wimpy Kid: Rodrick Rules,52700000.0,19700000.0
Larry Crowne,35600000.0,36400000.0
The Dilemma,48500000.0,21200000.0
The Darkest Hour,21400000.0,43200000.0
Hanna,40300000.0,23500000.0
Footloose (2011),51800000.0,11700000.0
Elite Squad: The Enemy Within,100000.0,62900000.0
Colombiana,36700000.0,24300000.0
Something Borrowed,39000000.0,21100000.0
One Day,13800000.0,45500000.0
Beginning of the Great Revival,151000.0,58200000.0
Killer Elite,25100000.0,31300000.0
Extremely Loud & Incredibly Close,31800000.0,23400000.0
The Tree of Life,13300000.0,41000000.0
Tyler Perry's Madea's Big Happy Family,53300000.0,816000.0
Detective Dee and the Mystery of the Phantom Flame,460000.0,51300000.0
Winnie the Pooh,26700000.0,23200000.0
Conan the Barbarian (2011),21300000.0,27500000.0
Soul Surfer,43900000.0,3200000.0
War of the Arrows,251000.0,45800000.0
Arthur (2011),33000000.0,12700000.0
The Debt,31200000.0,14500000.0
Beastly,27900000.0,15300000.0
Of Gods and Men,4000000.0,38200000.0
Born to Be Wild (IMAX),25900000.0,15600000.0
Evangelion 2.0: You Can (Not) Advance,134000.0,41000000.0
Fright Night (2011),18300000.0,22700000.0
30 Minutes or Less,37100000.0,3500000.0
The Roommate,37300000.0,3200000.0
Shark Night 3D,18900000.0,21300000.0
Monte Carlo,23200000.0,16500000.0
50/50,35000000.0,4200000.0
Mars Needs Moms,21400000.0,17600000.0
Dream House,21300000.0,17200000.0
Jumping the Broom,37300000.0,415000.0
Don't Be Afraid of the Dark,24000000.0,12900000.0
RA One,2500000.0,33400000.0
A Very Harold & Kumar 3D Christmas,35100000.0,326000.0
My Week with Marilyn,14600000.0,20500000.0
The Sitter,30400000.0,4500000.0
Jane Eyre,11200000.0,23500000.0
Shaolin,66100.0,33600000.0
African Cats,15400000.0,15400000.0
The Skin I Live In,3200000.0,27700000.0
I Don't Know How She Does It,9700000.0,20900000.0
What's Your Number?,14000000.0,16399999.0
Drive Angry,10700000.0,18200000.0
Carnage (2011),2500000.0,25100000.0
A Dangerous Method,5700000.0,21800000.0
The Thing (2011),16900000.0,10500000.0
The Eagle,19500000.0,7600000.0
Legend of the Fist: The Return of Chen Zhen,50400.0,26500000.0
Apollo 18,17700000.0,7900000.0
Biutiful,5100000.0,20000000.0
Your Highness,21600000.0,3300000.0
The Rum Diary,13100000.0,10800000.0
The Women on the 6th Floor,720000.0,22500000.0
Potiche,1600000.0,21600000.0
Warrior,13700000.0,9400000.0
Young Adult,16300000.0,6600000.0
Sarah's Key,7700000.0,13400000.0
The Way Back,2700000.0,17600000.0
A Separation,7100000.0,12800000.0
The Guard,5400000.0,14200000.0
Margin Call,5400000.0,14200000.0
Glee The 3D Concert Movie,11900000.0,6800000.0
Shame,3900000.0,13800000.0
13 Assassins,803000.0,16800000.0
Hoodwinked Too! Hood vs. Evil,10100000.0,6800000.0
The Heir Apparent: Largo Winch,10400.0,16900000.0
The Last Godfather,164000.0,16600000.0
Delhi Belly,1500000.0,15200000.0
Melancholia,3000000.0,12900000.0
Judy Moody and the NOT Bummer Summer,15000000.0,678000.0
The Conspirator,11500000.0,3900000.0
Anonymous,4500000.0,10900000.0
Ip Man 2: Legend of the Grandmaster,206000.0,14900000.0
The Housemaid,158000.0,14600000.0
Desert Flower,44300.0,14600000.0
Pina,3500000.0,11100000.0
Beginners,5800000.0,8500000.0
My Afternoons with Margueritte,667000.0,13600000.0
I Saw the Devil,129000.0,12600000.0
The Hedgehog,708000.0,12000000.0
Gainsbourg: A Heroic Life,233000.0,12000000.0
The Warring States,69000.0,11800000.0
What Women Want (Wo Zhi Nu Run Xin),124000.0,11700000.0
Snow Flower and the Secret Fan,1300000.0,10000000.0
Win Win,10200000.0,652000.0
Flying Monsters,5700000.0,5100000.0
City of Life and Death,123000.0,10600000.0
Le Havre,612000.0,9900000.0
In a Better World,1000000.0,8600000.0
Trespass (2011),24100.0,9600000.0
Saving Private Perez,1400000.0,7900000.0
Point Blank,708000.0,8500000.0
Winter in Wartime,543000.0,8700000.0
Barney's Version (U.S. only),4400000.0,4000000.0
Outrage (2011),44700.0,8400000.0
Senna,1600000.0,6600000.0
Last Night,99000.0,7600000.0
The Big Year,7200000.0,244000.0
The Beaver,971000.0,6300000.0
The Princess of Montpensier,352000.0,6400000.0
Cave of Forgotten Dreams,5300000.0,1200000.0
Sex and Zen 3D: Extreme Ecstasy,153000.0,6200000.0
We Need to Talk About Kevin,1700000.0,4300000.0
Attack the Block,1000000.0,4800000.0
Even the Rain,518000.0,5300000.0
Young Goethe in Love,162000.0,5600000.0
11-11-11,32800.0,5700000.0
Certified Copy,1400000.0,4099999.0
Thank You (2011),464000.0,5000000.0
The Company Men,4400000.0,441000.0
Tucker & Dale Vs. Evil,224000.0,4500000.0
London Boulevard,16100.0,4600000.0
Dylan Dog: Dead of Night,1200000.0,3400000.0
The Names of Love,514000.0,4099999.0
Burke and Hare,4800.0,4300000.0
King of Devil's Island,7600.0,4200000.0
Bride Flight,501000.0,3700000.0
Trollhunter,253000.0,3900000.0
Carancho,85500.0,3900000.0
Like Crazy,3400000.0,336000.0
The Double,138000.0,3600000.0
Love Crime,540000.0,3100000.0
Incendies (U.S. only),2100000.0,1500000.0
Martha Marcy May Marlene,3000000.0,548000.0
Fireflies in the Garden,70600.0,3300000.0
Machine Gun Preacher,539000.0,2800000.0
The Last Circus,40500.0,3200000.0
From Prada to Nada,3000000.0,123000.0
Flypaper,5000.0,3100000.0
Take Shelter,1700000.0,1400000.0
The Greatest Miracle,555000.0,2500000.0
Rapt,45800.0,2900000.0
Pastorela,161000.0,2700000.0
The Double Hour,1500000.0,1200000.0
3 (2011),60000.0,2600000.0
Oranges and Sunshine,143000.0,2400000.0
Ong Bak 3,14900.0,2300000.0
Poetry,356000.0,1900000.0
The Tree,71200.0,2100000.0
"The Butcher, the Chef and the Swordsman",47900.0,2000000.0
Armadillo,14600.0,2000000.0
Brighton Rock,230000.0,1600000.0
A Somewhat Gentle Man,37700.0,1800000.0
The Topp Twins: Untouchable Girls,29300.0,1800000.0
Another Earth,1300000.0,456000.0
Chalet Girl,1700.0,1700000.0
Yamla Pagla Deewana,993000.0,600000.0
Uncle Boonmee Who Can Recall His Past Lives,184000.0,946000.0
London River,7200.0,1100000.0
When We Leave (Die Fremde),19600.0,1100000.0
Vanishing on 7th Street,22700.0,1000000.0
The Time That Remains,32900.0,1000000.0
Texas Killing Fields,45500.0,912000.0
Miral,373000.0,527000.0
Submarine,468000.0,397000.0
Mozart's Sister,708000.0,132000.0
Plastic Planet,3200.0,836000.0
Chillar Party,6300.0,826000.0
The First Grader,332000.0,382000.0
Dhobi Ghat (Mumbai Diaries),577000.0,102000.0
No One Killed Jessica,441000.0,193000.0
Korkoro,8200.0,619000.0
Blackthorn,201000.0,423000.0
How I Ended This Summer,8700.0,614000.0
The Ledge,9200.0,602000.0
Heartbeats,68700.0,520000.0
Kaboom,119000.0,421000.0
Protektor,3000.0,469000.0
The Other Woman,25400.0,427000.0
Rage (Rabia),5600.0,403000.0
The Human Resources Manager,64000.0,329000.0
7 Khoon Maaf,270000.0,94700.0
Another Happy Day,8500.0,347000.0
The Mill and the Cross,312000.0,30300.0
Special Treatment,8900.0,286000.0
Illegal (2011),700.0,289000.0
Black Death,22600.0,243000.0
Le Quattro Volte,153000.0,103000.0
Caterpillar,4200.0,248000.0
Little Girl (La Pivellina),1400.0,236000.0
"If I Want to Whistle, I Whistle",12100.0,220000.0
The Robber,83500.0,125000.0
Henry's Crime,103000.0,102000.0
Film Socialisme,33000.0,159000.0
Leap Year (2011),13000.0,175000.0
A Screaming Man,9900.0,175000.0
Nostalgia for the Light,164000.0,13700.0
Anchor Baby,15800.0,161000.0
Road to Nowhere,40300.0,121000.0
Octubre,32100.0,96700.0
The Arbor,21600.0,105000.0
Mysteries of Lisbon,111000.0,14900.0
Vidal Sassoon: The Movie,86000.0,38600.0
"Tuesday, After Christmas",27800.0,36200.0
Brotherhood (2011),19700.0,12700.0
I'm Glad My Mother is Alive,8700.0,13200.0
Aurora,5700.0,5100.0
To Die Like a Man,4000.0,900.0
Marvel's The Avengers,623400000.0,895500000.0
Skyfall,304400000.0,804200000.0
The Dark Knight Rises,448100000.0,636800000.0
The Hobbit: An Unexpected Journey,303000000.0,718100000.0
Ice Age: Continental Drift,161300000.0,715900000.0
The Twilight Saga: Breaking Dawn Part 2,292300000.0,537400000.0
The Amazing Spider-Man,262000000.0,495900000.0
Madagascar 3: Europe's Most Wanted,216400000.0,530500000.0
The Hunger Games,408000000.0,286400000.0
MIB 3,179000000.0,445000000.0
Life of Pi,125000000.0,484000000.0
Ted,218800000.0,330600000.0
Brave,237300000.0,303200000.0
Wreck-It Ralph,189400000.0,281800000.0
Les Miserables (2012),148800000.0,293000000.0
The Intouchables (U.S.-only),10200000.0,416400000.0
Django Unchained,162800000.0,262600000.0
Prometheus,126500000.0,276900000.0
Snow White and the Huntsman,155300000.0,241300000.0
Taken 2,139900000.0,236300000.0
Hotel Transylvania,148300000.0,210100000.0
Dr. Seuss' The Lorax,214000000.0,134800000.0
Titanic 3D,57900000.0,285700000.0
Journey 2: The Mysterious Island,103900000.0,231400000.0
The Expendables 2,85000000.0,229900000.0
Rise of the Guardians,103400000.0,203500000.0
Wrath of the Titans,83700000.0,221600000.0
Battleship,65400000.0,237600000.0
John Carter,73100000.0,211100000.0
The Bourne Legacy,113200000.0,162900000.0
Lincoln,182200000.0,93100000.0
Dark Shadows,79700000.0,165800000.0
Resident Evil: Retribution,42300000.0,197700000.0
Silver Linings Playbook,132100000.0,104300000.0
American Reunion,57000000.0,178000000.0
Argo,136000000.0,96300000.0
Jack Reacher,80100000.0,138300000.0
Safe House,126400000.0,81700000.0
21 Jump Street,138400000.0,63100000.0
Total Recall (2012),58900000.0,139600000.0
The Vow,125000000.0,71100000.0
Mirror Mirror,64900000.0,118100000.0
The Impossible,19000000.0,161300000.0
The Dictator,59700000.0,119700000.0
Looper,66500000.0,110000000.0
Magic Mike,113700000.0,53500000.0
Flight,93800000.0,68000000.0
Underworld Awakening,62300000.0,97800000.0
This Means War,54800000.0,101700000.0
The Secret World of Arrietty,19200000.0,126400000.0
Paranormal Activity 4,53900000.0,88900000.0
Step Up Revolution,35100000.0,105400000.0
The Best Exotic Marigold Hotel,46400000.0,90400000.0
Zero Dark Thirty,95700000.0,37100000.0
Ghost Rider: Spirit of Vengeance,51800000.0,80800000.0
Cloud Atlas,27100000.0,103400000.0
The Woman in Black,54300000.0,73400000.0
Chronicle (2012),64599999.0,62100000.0
The Pirates! Band of Misfits,31100000.0,92000000.0
Parental Guidance,77300000.0,42500000.0
Abraham Lincoln: Vampire Hunter,37500000.0,79000000.0
Pitch Perfect,65000000.0,50300000.0
Hope Springs,63500000.0,50700000.0
ParaNorman,56000000.0,51100000.0
The Campaign,86900000.0,18000000.0
Let the Bullets Fly,63000.0,104300000.0
Star Wars: Episode I - The Phantom Menace (in 3D),43500000.0,59300000.0
Project X,54700000.0,48000000.0
The Devil Inside,53300000.0,48500000.0
The Lucky One,60500000.0,38900000.0
Contraband,66500000.0,29700000.0
Think Like a Man,91500000.0,4500000.0
This Is 40,67500000.0,20500000.0
The Inbetweeners Movie,36000.0,88000000.0
The Possession,49100000.0,36300000.0
What to Expect When You're Expecting,41200000.0,43200000.0
The Thieves,686000.0,82800000.0
Savages (2012),47400000.0,35600000.0
Frankenweenie,35300000.0,46200000.0
Act of Valor,70000000.0,11300000.0
Masquerade (2012),923000.0,79800000.0
Sinister,48100000.0,29600000.0
The Grey,51600000.0,25700000.0
Diary of a Wimpy Kid: Dog Days,49000000.0,28100000.0
To Rome with Love,16700000.0,56600000.0
Here Comes the Boom,45300000.0,27800000.0
Finding Nemo (3D),41100000.0,28200000.0
Anna Karenina,12800000.0,56100000.0
The Watch,35400000.0,32900000.0
Moonrise Kingdom,45500000.0,22800000.0
Tyler Perry's Madea's Witness Protection,65700000.0,1200000.0
The Cabin in the Woods,42100000.0,24400000.0
Beauty and the Beast (3D),47600000.0,14400000.0
Rock of Ages,38500000.0,20900000.0
That's My Boy,36900000.0,20800000.0
The Odd Life of Timothy Green,51900000.0,4200000.0
The Three Stooges,44300000.0,10500000.0
The Five-Year Engagement,28800000.0,25100000.0
Lawless,37400000.0,16300000.0
Silent Hill: Revelation 3D,17500000.0,34800000.0
Red Tails,49900000.0,489000.0
"Monsters, Inc. (3D)",34000000.0,16200000.0
Trouble with the Curve,35800000.0,13200000.0
Little White Lies,206000.0,48300000.0
End of Watch,41000000.0,7100000.0
Man on a Ledge,18600000.0,27600000.0
House at the End of The Street,31600000.0,12700000.0
The Guilt Trip,37100000.0,4700000.0
A Werewolf Boy,343000.0,41300000.0
Safe (2012),17100000.0,23200000.0
Killing Them Softly,15000000.0,22900000.0
Chernobyl Diaries,18100000.0,19000000.0
One For the Money,26400000.0,10500000.0
Dredd,13400000.0,22200000.0
Tyler Perry's Good Deeds,35000000.0,553000.0
Arbitrage,7900000.0,27600000.0
Chimpanzee,29000000.0,5900000.0
Alex Cross,25900000.0,8700000.0
Salmon Fishing in the Yemen,9000000.0,25500000.0
Fetih 1453: The Conquest of Constantinople,35700.0,34400000.0
Cirque Du Soleil: Worlds Away,12500000.0,21600000.0
The Perks of Being a Wallflower,17700000.0,15600000.0
Haywire,18900000.0,14400000.0
Katy Perry: Part of Me,25300000.0,7400000.0
Lockout,14300000.0,17900000.0
Joyful Noise,30900000.0,226000.0
Premium Rush,20300000.0,10800000.0
The Raven,16000000.0,13600000.0
Rowdy Rathore,777000.0,28600000.0
Dragon (2012),11100.0,29100000.0
Bol Bachchan,1200000.0,27600000.0
The Master,16399999.0,11900000.0
Rust and Bone,2100000.0,23700000.0
Big Miracle,20200000.0,4600000.0
Sparkle (2012),24400000.0,240000.0
To the Arctic (IMAX),14600000.0,9100000.0
Hitchcock,6000000.0,17600000.0
A Thousand Words,18500000.0,3600000.0
Wanderlust,17500000.0,4200000.0
Beasts of the Southern Wild,12800000.0,8300000.0
Polisse,211000.0,20200000.0
Amour,6700000.0,13100000.0
The Man with the Iron Fists,15600000.0,4099999.0
Seven Psychopaths,15000000.0,4400000.0
Gone,11700000.0,6400000.0
Norwegian Wood,13000.0,17600000.0
The Cold Light of Day,3800000.0,13100000.0
My Way (2012),70200.0,16500000.0
Tomorrow When the War Began,4900.0,16500000.0
We Have a Pope,548000.0,15600000.0
Headhunters,1200000.0,14500000.0
Hit and Run,13700000.0,704000.0
War of the Buttons (2012),47800.0,13800000.0
Red Lights (2012),52600.0,13500000.0
The Words,11500000.0,1700000.0
Silent House,12800000.0,347000.0
Friends with Kids,7300000.0,5800000.0
The Well-Digger's Daughter,386000.0,12200000.0
Klown,68800.0,12400000.0
Seeking Justice,412000.0,11900000.0
Bachelorette,448000.0,11500000.0
This Must Be the Place,144000.0,11600000.0
Fun Size,9400000.0,2000000.0
Rec 3: Genesis,9600.0,10100000.0
Delicacy,499000.0,9200000.0
Seeking a Friend for the End of the World,7100000.0,2600000.0
The Apparition,4900000.0,4700000.0
For Greater Glory,5700000.0,4000000.0
Hysteria,1800000.0,7700000.0
The Sessions,6000000.0,3100000.0
Ruby Sparks,2500000.0,6600000.0
Hyde Park on Hudson,6400000.0,2500000.0
On the Road,744000.0,8000000.0
Boy (2012),256000.0,8400000.0
Piranha 3DD,377000.0,8100000.0
Easy Money (2012),206000.0,8199999.0
Space Dogs 3D,14400.0,8300000.0
Bel Ami,120000.0,8199999.0
Promised Land (2012),7600000.0,541000.0
Iron Sky,122000.0,8000000.0
Casa De Mi Padre,5900000.0,2100000.0
Heroine,599000.0,7400000.0
A Royal Affair,1500000.0,6000000.0
All Together,43200.0,7200000.0
My Worst Nightmare,22000.0,7100000.0
Monsieur Lazhar (U.S.-only),2000000.0,4600000.0
Goon,4200000.0,2300000.0
Cosmopolis,764000.0,5300000.0
Chasing Mavericks,6000000.0,600.0
Declaration of War,59100.0,5800000.0
Puella Magi Madoka Magica the Movie,180000.0,5600000.0
Albert Nobbs,3000000.0,2600000.0
In Darkness,1000000.0,4500000.0
Farewell My Queen,1600000.0,3700000.0
Girl in Progress,2600000.0,2000000.0
"Jeff, Who Lives at Home",4300000.0,148000.0
Barbara,1000000.0,3100000.0
Nitro Circus the Movie 3D,3400000.0,526000.0
The Lady,355000.0,3400000.0
Branded,354000.0,3400000.0
The Rabbi's Cat,23400.0,3700000.0
Killer Joe,2000000.0,1700000.0
Hara-Kiri: Death of a Samurai,75700.0,3400000.0
Intruders,69100.0,2900000.0
A Simple Life,192000.0,2600000.0
Simon and the Oaks,151000.0,2400000.0
Kid With a Bike,1500000.0,1000000.0
Chico & Rita,351000.0,1900000.0
Stolen (2012),304000.0,1800000.0
The Imposter,898000.0,1100000.0
The Day I Saw Your Heart,3500.0,2000000.0
Tales of the Night,11000.0,1700000.0
Beloved (2012),138000.0,1500000.0
360,100000.0,1600000.0
2 Days in New York,633000.0,1000000.0
Hermano,29900.0,1600000.0
Lay the Favorite,21000.0,1600000.0
Soldiers of Fortune,38900.0,1500000.0
I Wish,146000.0,1400000.0
The Salt of Life,317000.0,1200000.0
Chicken with Plums,254000.0,1200000.0
The Paperboy,693000.0,661000.0
Unforgivable,154000.0,1200000.0
A Little Bit of Heaven,15400.0,1300000.0
Meerkats,778000.0,482000.0
Once Upon a Time in Anatolia,152000.0,1000000.0
Coriolanus,757000.0,315000.0
Elles,158000.0,754000.0
W.E.,583000.0,285000.0
Breathing,4600.0,803000.0
Free Men,53800.0,564000.0
Sister (2012),155000.0,400000.0
Bully (2012),279000.0,182000.0
Apartment 143,400.0,426000.0
Universal Soldier: Day of Reckoning,5500.0,364000.0
17 Girls,15100.0,186000.0
Butter,105000.0,70700.0
Kill List,29100.0,143000.0
Toys in the Attic,64900.0,61600.0
Wagner & Me,37700.0,41000.0
Attenberg,24000.0,45900.0
North Sea Texas,28300.0,16700.0
Cirkus Columbia,3500.0,9500.0
Frozen,400700000.0,875700000.0
Iron Man 3,409000000.0,805800000.0
Despicable Me 2,368100000.0,602700000.0
The Hobbit: The Desolation of Smaug,258399999.0,700000000.0
The Hunger Games: Catching Fire,424700000.0,440300000.0
Fast & Furious 6,238700000.0,550000000.0
Monsters University,268500000.0,475700000.0
Gravity,274100000.0,449100000.0
Man of Steel,291000000.0,377000000.0
Thor: The Dark World,206400000.0,438200000.0
The Croods,187200000.0,400000000.0
World War Z,202400000.0,337600000.0
Oz The Great and Powerful,234900000.0,258399999.0
Star Trek Into Darkness,228800000.0,238600000.0
The Wolverine,132600000.0,282300000.0
Pacific Rim,101800000.0,309200000.0
The Wolf of Wall Street,116900000.0,275100000.0
G.I. Joe: Retaliation,122500000.0,253200000.0
The Hangover Part III,112200000.0,249800000.0
The Great Gatsby (2013),144800000.0,208800000.0
Now You See Me,117700000.0,234000000.0
The Smurfs 2,71000000.0,276500000.0
The Conjuring,137400000.0,182100000.0
A Good Day to Die Hard,67300000.0,237300000.0
Oblivion,89100000.0,197100000.0
Elysium,93100000.0,193100000.0
Turbo,83000000.0,199500000.0
Cloudy with a Chance of Meatballs 2,119800000.0,154500000.0
We're the Millers,150400000.0,119600000.0
Epic,107500000.0,160900000.0
The Lone Ranger,89300000.0,171200000.0
American Hustle,150100000.0,101100000.0
Grown Ups 2,133699999.0,113300000.0
After Earth,60500000.0,183300000.0
Planes,90300000.0,149000000.0
The Heat,159600000.0,70300000.0
Hansel and Gretel: Witch Hunters,55700000.0,170600000.0
Captain Phillips,107100000.0,111700000.0
White House Down,73100000.0,132300000.0
Percy Jackson: Sea of Monsters,68600000.0,131300000.0
Lost in Thailand,57400.0,197700000.0
Jack the Giant Slayer,65200000.0,132500000.0
The Secret Life of Walter Mitty,58200000.0,129900000.0
12 Years a Slave,56700000.0,131100000.0
Lee Daniels' The Butler,116600000.0,60000000.0
Identity Thief,134500000.0,39500000.0
Anchorman 2: The Legend Continues,125200000.0,46300000.0
Olympus Has Fallen,98900000.0,71300000.0
Insidious Chapter 2,83600000.0,78300000.0
Lone Survivor,125100000.0,29700000.0
Jackass Presents: Bad Grandpa,102000000.0,49800000.0
47 Ronin,38400000.0,113400000.0
Red 2,53300000.0,94800000.0
Mama,71600000.0,74800000.0
Escape Plan,25100000.0,112200000.0
Last Vegas,63900000.0,70500000.0
2 Guns,75600000.0,56300000.0
Walking with Dinosaurs,36100000.0,90500000.0
This is the End,101500000.0,24600000.0
Ender's Game,61700000.0,63800000.0
Prisoners,61000000.0,61100000.0
Saving Mr. Banks,83300000.0,34600000.0
Warm Bodies,66400000.0,50600000.0
Jurassic Park 3D,45400000.0,71100000.0
Personal Tailor,376000.0,115800000.0
Free Birds,55800000.0,54600000.0
Gangster Squad,46000000.0,59200000.0
Philomena,37700000.0,62400000.0
Instructions Not Included,44500000.0,54600000.0
Riddick,42000000.0,56300000.0
Safe Haven,71300000.0,26200000.0
Evil Dead (2013),54200000.0,43300000.0
Blue Jasmine,33400000.0,64099999.0
The Mortal Instruments: City of Bones,31200000.0,64200000.0
The Internship,44700000.0,48800000.0
Rush (2013),26900000.0,63300000.0
The Purge,64500000.0,24900000.0
Dhoom 3,8000000.0,80000000.0
About Time,15300000.0,71800000.0
Pain and Gain,49900000.0,36300000.0
Carrie (2013),35300000.0,49500000.0
The Family (2013),36900000.0,41500000.0
Scary Movie 5,32000000.0,46400000.0
R.I.P.D.,33600000.0,44700000.0
Tiny Times,23500.0,77700000.0
The Book Thief,21500000.0,55100000.0
Escape From Planet Earth,57000000.0,17600000.0
August: Osage County,37700000.0,36500000.0
The Best Man Holiday,70500000.0,2300000.0
Young Detective Dee: Rise of the Sea Dragon,87800.0,72200000.0
The Counselor,17000000.0,54000000.0
The Call,51900000.0,16700000.0
One Direction: This is Us,28900000.0,39700000.0
The Grandmaster,6600000.0,57500000.0
Side Effects (2013),32200000.0,31200000.0
The Host (2013),26600000.0,36700000.0
Runner Runner,19300000.0,43400000.0
From Up on Poppy Hill,1000000.0,60000000.0
Kick-Ass 2,28800000.0,32000000.0
A Haunted House,40000000.0,20100000.0
Beautiful Creatures (2013),19500000.0,40600000.0
Quartet,18400000.0,41100000.0
Dallas Buyers Club,27300000.0,27900000.0
The Face Reader,516000.0,54100000.0
Tyler Perry's A Madea Christmas,52500000.0,853000.0
Tyler Perry's Temptation: Confessions of a Marriage Counselor,52000000.0,1200000.0
Delivery Man,30700000.0,19300000.0
The Berlin File,665000.0,48300000.0
The Last Stand,12100000.0,36300000.0
21 and Over,25700000.0,22400000.0
Her (2013),25600000.0,21800000.0
Tiny Times 2,43800.0,47200000.0
Texas Chainsaw 3D,34300000.0,12900000.0
The Big Wedding,21800000.0,24700000.0
Parker,17600000.0,28600000.0
The World's End,26000000.0,20100000.0
Grudge Match,29800000.0,15100000.0
Homefront,20200000.0,22900000.0
Jobs,16100000.0,19800000.0
The Place Beyond the Pines,21400000.0,14100000.0
Inside Llewyn Davis,13200000.0,19700000.0
Mud,21600000.0,11000000.0
Movie 43,8800000.0,23600000.0
Kevin Hart: Let Me Explain,32200000.0,74000.0
Spring Breakers,14100000.0,17600000.0
New World (2013),458000.0,31200000.0
Don Jon,24500000.0,6000000.0
I Give It a Year,34700.0,28200000.0
Nebraska,17700000.0,10000000.0
The Incredible Burt Wonderstone,22500000.0,4900000.0
Mandela: Long Walk to Freedom,8300000.0,19000000.0
Khumba,1000.0,27200000.0
Dark Skies,17400000.0,9000000.0
Enough Said,17600000.0,7700000.0
Trance,2300000.0,21900000.0
"The Way, Way Back",21500000.0,1700000.0
Kon-Tiki,1500000.0,21300000.0
Baggage Claim,21600000.0,887000.0
Diana,335000.0,21400000.0
The Great Beauty,2900000.0,18500000.0
The Sapphires,2500000.0,18000000.0
The Company You Keep,5100000.0,14500000.0
The Bling Ring,5800000.0,13300000.0
Dead Man Down,10900000.0,7200000.0
Fruitvale Station,16100000.0,1300000.0
Battle of the Year,8900000.0,7700000.0
Out of the Furnace,11300000.0,4300000.0
Billy and Buddy,900.0,15200000.0
Machete Kills,8000000.0,7000000.0
Journey to the South Pacific,7600000.0,6500000.0
Paranoia,7400000.0,6400000.0
All Is Lost,6300000.0,7400000.0
Puella Magi Madoka Magica the Movie: Rebellion,376000.0,12600000.0
Stoker,1700000.0,10400000.0
In the House,390000.0,11500000.0
I'm So Excited,1400000.0,10400000.0
Haute Cuisine,218000.0,11200000.0
Before Midnight,8100000.0,3100000.0
Only God Forgives,779000.0,9900000.0
The Past,1300000.0,9300000.0
Love is All You Need,1600000.0,8400000.0
Tyler Perry Presents Peeples,9200000.0,130000.0
Jerusalem,8000000.0,1300000.0
The Fifth Estate,3300000.0,5300000.0
Upside Down,105000.0,8000000.0
Metallica Through the Never,3400000.0,4600000.0
Pulling Strings,5800000.0,2000000.0
Black Nativity,7000000.0,436000.0
Blue Is the Warmest Color,2200000.0,5200000.0
Unfinished Song,1700000.0,5300000.0
The Angels' Share,347000.0,6700000.0
The Sweeney,26700.0,6300000.0
Populaire,179000.0,5300000.0
Broken Circle Breakdown,175000.0,5300000.0
Fists of Legend,134000.0,5300000.0
Oldboy (2013),2200000.0,2700000.0
Commitment,76500.0,4500000.0
White Elephant,8900.0,4400000.0
You Will Be My Son,285000.0,3600000.0
Pieta,22100.0,3600000.0
Mental,17700.0,3600000.0
The To-Do List,3500000.0,74600.0
Mr. Nobody,3600.0,3500000.0
Capital,102000.0,2400000.0
The East,2300000.0,99700.0
Reality (2013),72600.0,2200000.0
The Sorcerer and the White Snake,18800.0,2100000.0
Starbuck (U.S. only),340000.0,1300000.0
Therese,102000.0,1500000.0
Lovelace,357000.0,1200000.0
Violeta Went to Heaven,21500.0,1200000.0
The Wall (2013),38700.0,1100000.0
Ain't Them Bodies Saints,397000.0,635000.0
The Monk,13500.0,794000.0
Salinger,584000.0,67000.0
You Ain't Seen Nothin' Yet,18900.0,488000.0
Shadow Dancer,101000.0,319000.0
Tai Chi Hero,35100.0,347000.0
A Bottle in the Gaza Sea,5900.0,306000.0
The Silence,100000.0,132000.0
Transformers: Age of Extinction,245400000.0,858600000.0
The Hobbit: The Battle of the Five Armies,255100000.0,700900000.0
Guardians of the Galaxy,333200000.0,440200000.0
Maleficent,241400000.0,517100000.0
The Hunger Games: Mockingjay - Part 1,337100000.0,418200000.0
X-Men: Days of Future Past,233900000.0,513900000.0
Captain America: The Winter Soldier,259800000.0,454500000.0
Dawn of the Planet of the Apes,208500000.0,502100000.0
The Amazing Spider-Man 2,202900000.0,506100000.0
Interstellar,188000000.0,489400000.0
Big Hero 6,222500000.0,435300000.0
How to Train Your Dragon 2,177000000.0,444500000.0
American Sniper,350100000.0,197300000.0
Godzilla (2014),200700000.0,328400000.0
Rio 2,131500000.0,368600000.0
Teenage Mutant Ninja Turtles (2014),191200000.0,302100000.0
The LEGO Movie,257800000.0,211400000.0
Lucy,126700000.0,336700000.0
Penguins of Madagascar,83400000.0,289700000.0
Edge of Tomorrow,100200000.0,270300000.0
Gone Girl,167800000.0,201600000.0
Night at the Museum: Secret of the Tomb,113700000.0,249500000.0
Noah,101200000.0,261399999.0
The Maze Runner,102400000.0,245900000.0
300: Rise of An Empire,106600000.0,231000000.0
22 Jump Street,191700000.0,139600000.0
The Fault in our Stars,124900000.0,182300000.0
Divergent,150900000.0,137900000.0
Mr. Peabody & Sherman,111500000.0,164200000.0
Neighbors,150200000.0,120500000.0
Exodus: Gods and Kings,65000000.0,203200000.0
Annabelle,84300000.0,172800000.0
Hercules (2014),72700000.0,172100000.0
RoboCop (2014),58600000.0,184100000.0
The Imitation Game,91100000.0,142400000.0
Non-Stop,92200000.0,130600000.0
Dracula Untold,56300000.0,160800000.0
The Expendables 3,39300000.0,175300000.0
Into the Woods,128000000.0,85100000.0
Fury (2014),85800000.0,126000000.0
Journey to the West,18100.0,205600000.0
Need for Speed,43600000.0,159700000.0
The Other Woman (2014),83900000.0,112800000.0
The Equalizer,101500000.0,90800000.0
Breakup Buddies,778000.0,188200000.0
The Grand Budapest Hotel,59300000.0,115500000.0
Dumb and Dumber To,86200000.0,83600000.0
Unbroken,115600000.0,47800000.0
Into The Storm,47600000.0,114100000.0
The Monuments Men,78000000.0,77000000.0
Ride Along,134900000.0,19500000.0
Planes: Fire & Rescue,59200000.0,92200000.0
Let's Be Cops,82400000.0,55800000.0
Jack Ryan: Shadow Recruit,50600000.0,84900000.0
Annie (2014),85900000.0,47900000.0
Blended,46300000.0,81700000.0
Sex Tape,38500000.0,87500000.0
The Theory of Everything,35900000.0,87800000.0
The Nut Job,64300000.0,56600000.0
The Wind Rises,5200000.0,112700000.0
Pompeii,23200000.0,94600000.0
The Admiral: Roaring Currents,2600000.0,109600000.0
The Purge: Anarchy,72000000.0,40000000.0
The Boxtrolls,50800000.0,58400000.0
Horrible Bosses 2,54400000.0,53200000.0
Ouija,50900000.0,52700000.0
Birdman,42300000.0,60900000.0
Transcendence,23000000.0,80000000.0
"Alexander and the Terrible, Horrible, No Good, Very Bad Day",67000000.0,34400000.0
Heaven is for Real,91400000.0,9900000.0
Tammy,84500000.0,16000000.0
P.K.,10600000.0,89800000.0
The Book of Life (2014),50200000.0,49600000.0
Paranormal Activity: The Marked Ones,32500000.0,58400000.0
The Hundred-Foot Journey,54200000.0,34600000.0
John Wick,43000000.0,45700000.0
Deliver Us From Evil,30600000.0,57400000.0
A Million Ways to Die in the West,43100000.0,44100000.0
Snowpiercer,4600000.0,82200000.0
Step Up All In,14900000.0,71300000.0
The Judge,47100000.0,37300000.0
Muppets Most Wanted,51200000.0,29200000.0
If I Stay,50500000.0,28400000.0
"I, Frankenstein",19100000.0,52100000.0
The Attorney,557000.0,70000000.0
Think Like a Man Too,65200000.0,5000000.0
Brick Mansions,20400000.0,48500000.0
Stalingrad (2014),1000000.0,67099999.0
Son of God,59700000.0,8100000.0
Jersey Boys,47000000.0,20600000.0
The Giver,45100000.0,21900000.0
Selma,52100000.0,14700000.0
God's Not Dead,60800000.0,3900000.0
Thunder and the House of Magic!,4100.0,64200000.0
Begin Again,16200000.0,47300000.0
The Legend of Hercules,18800000.0,42400000.0
Evangelion: 3.0 You Can (Not) Redo,175000.0,60300000.0
Dolphin Tale 2,42000000.0,15800000.0
St. Vincent,44100000.0,10700000.0
No Good Deed (2014),52500000.0,1800000.0
A Walk Among the Tombstones,26300000.0,26900000.0
3 Days to Kill,30700000.0,21900000.0
Wild (2014),37900000.0,14600000.0
Magic in the Moonlight,10500000.0,40500000.0
Dragon Ball Z: Battle of Gods,2600000.0,47800000.0
About Last Night (2014),48600000.0,365000.0
Whiplash,13100000.0,35900000.0
Chef,31400000.0,14500000.0
Earth to Echo,38900000.0,6400000.0
Boyhood,25400000.0,19100000.0
Oculus,27700000.0,16300000.0
Bang Bang,2500000.0,39500000.0
As Above/So Below,21300000.0,20600000.0
This is Where I Leave You,34300000.0,7000000.0
That Awkward Moment,26100000.0,14400000.0
Frank Miller's Sin City: A Dame to Kill For,13800000.0,25600000.0
The Gambler,33700000.0,5600000.0
Million Dollar Arm,36500000.0,2800000.0
Nightcrawler,32400000.0,6300000.0
Devil's Due,15800000.0,21100000.0
A Most Wanted Man,17200000.0,19000000.0
The Best of Me,26800000.0,9200000.0
Endless Love (2014),23400000.0,11300000.0
Get On Up,30700000.0,2700000.0
The November Man,25000000.0,7500000.0
The Pirates,416000.0,32100000.0
Winter's Tale,12600000.0,18500000.0
Draft Day,28800000.0,620000.0
Big Eyes,14500000.0,14800000.0
The Divine Move,137000.0,27800000.0
Top Five,25300000.0,800000.0
Iceman (2014),7700.0,26000000.0
And So It Goes,15200000.0,10200000.0
On the Other Side of the Tracks,9600.0,25100000.0
The Players,10900.0,24600000.0
The Tale of The Princess Kaguya,703000.0,23500000.0
A Haunted House 2,17300000.0,6600000.0
The Railway Man,4400000.0,17900000.0
Mr. Turner,4000000.0,18200000.0
The Suspect (2014),219000.0,21400000.0
Bears,17800000.0,3500000.0
Yves Saint Laurent,724000.0,20300000.0
Labor Day,13400000.0,6900000.0
"Like Father, Like Son (2014)",335000.0,19600000.0
Left Behind (2014),14000000.0,5700000.0
Legends of Oz: Dorothy's Return,8500000.0,10200000.0
The Drop,10700000.0,7900000.0
The Quiet Ones,8500000.0,9300000.0
Sabotage (2014),10500000.0,7000000.0
Road to Ninja - Naruto the Movie,43200.0,17300000.0
Calvary,3600000.0,13300000.0
The Pyramid,2800000.0,14100000.0
Tyler Perry's The Single Moms Club,16000000.0,364000.0
Beyond Outrage,3900.0,16200000.0
Before I Go To Sleep,3200000.0,12200000.0
Vampire Academy,7800000.0,7600000.0
Inherent Vice,8100000.0,6600000.0
Island of Lemurs: Madagascar (IMAX),11300000.0,2800000.0
The Two Faces of January,507000.0,13000000.0
Fading Gigolo,3800000.0,9600000.0
A Most Violent Year,5700000.0,6300000.0
The Interview (2014),6100000.0,5200000.0
One Chance,101000.0,10800000.0
Bicycling with Moliere,59900.0,10700000.0
Wetlands,59500.0,10500000.0
The Babadook,964000.0,9300000.0
Nymphomaniac: Volume I,786000.0,9500000.0
Gladiators of Rome,8200.0,10100000.0
Mood Indigo,303000.0,9500000.0
Alan Partridge: The Movie,153000.0,9600000.0
Venus in Fur,374000.0,8000000.0
Filth,34400.0,8300000.0
What If (2014),3500000.0,4400000.0
Finding Fanny,616000.0,7100000.0
Pride (2014),1400000.0,6100000.0
Chinese Puzzle,339000.0,7100000.0
A Long Way Down,13300.0,7200000.0
"Two Days, One Night",1400000.0,5400000.0
A Letter to Momo,71700.0,6700000.0
Le Chef,343000.0,5900000.0
Mas Negro Que La Noche,870000.0,5200000.0
French Gigolo (Cliente),3000.0,6000000.0
The Trip to Italy,2900000.0,3000000.0
The Immigrant,2000000.0,3800000.0
Wish I Was Here,3600000.0,1900000.0
Under the Skin (2014),2600000.0,2800000.0
The French Minister,12000.0,5100000.0
Ernest & Celestine,262000.0,4800000.0
Tracks (2014),510000.0,4400000.0
The Love Punch,267000.0,4500000.0
Diplomacy,231000.0,3700000.0
Horns,174000.0,3700000.0
Ragnarok,1400.0,3700000.0
Veronica Mars,3300000.0,195000.0
Enemy,1000000.0,2400000.0
Words and Pictures,2200000.0,1200000.0
The Protector 2,2500.0,3300000.0
The Rover,1100000.0,2100000.0
The Mystery of Happiness,8500.0,3200000.0
The German Doctor,418000.0,2600000.0
Citizenfour,2800000.0,202000.0
A Coffee in Berlin,150000.0,2600000.0
Living is Easy with Eyes Closed,11600.0,2600000.0
A Five Star Life,307000.0,2200000.0
Blood Ties (2014),42500.0,2400000.0
The Guest (2014),333000.0,2000000.0
Life of Riley,11600.0,2300000.0
Marius,9800.0,2200000.0
"Men, Women & Children",706000.0,1500000.0
Nymphomaniac: Volume II,327000.0,1900000.0
"20,000 Days on Earth",280000.0,1800000.0
Make Your Move,125000.0,1300000.0
Bright Days Ahead,21800.0,1400000.0
Postman Pat: The Movie,1500.0,1300000.0
Just a Sigh,75500.0,1200000.0
For a Woman,32299.0,1200000.0
Why Don't You Play in Hell,28500.0,1200000.0
The Way He Looks,101000.0,1100000.0
Ilo Ilo,56800.0,1100000.0
Jackpot,800.0,1100000.0
Borgman,57500.0,952000.0
The Disappearance of Eleanor Rigby,588000.0,397000.0
Age of Uprising: The Legend of Michael Kohlhaas (U.S. only),3300.0,797000.0
The Zero Theorem,258000.0,513000.0
Archipelago,7800.0,492000.0
The Congress,138000.0,318000.0
Bjork - Biophilia Live,128000.0,306000.0
The Last Sentence,62500.0,265000.0
7 Boxes,38100.0,267000.0
Gabrielle (2014),5500.0,222000.0
Unrelated,4500.0,154000.0
May in the Summer,22000.0,112000.0
Life's a Breeze,3500.0,99700.0
Policeman,11300.0,27000.0
Star Wars: The Force Awakens,936700000.0,1131.6
Jurassic World,652300000.0,1019.4
Furious 7,353000000.0,1163.0
Avengers: Age of Ultron,459000000.0,946400000.0
Minions,336000000.0,823400000.0
Spectre,200100000.0,680600000.0
Inside Out,356500000.0,501100000.0
Mission: Impossible - Rogue Nation,195000000.0,487700000.0
The Hunger Games: Mockingjay - Part 2,281700000.0,371700000.0
The Martian,228400000.0,401700000.0
Fifty Shades of Grey,166200000.0,404800000.0
Cinderella (2015),201200000.0,342400000.0
The Revenant,183600000.0,349300000.0
Ant-Man,180200000.0,339100000.0
Hotel Transylvania 2,169700000.0,305100000.0
San Andreas,155200000.0,318800000.0
Terminator: Genisys,89800000.0,350800000.0
Kingsman: The Secret Service,128300000.0,286100000.0
Home (2015),177400000.0,208600000.0
Mad Max: Fury Road,153600000.0,224800000.0
The Good Dinosaur,123100000.0,209100000.0
Taken 3,89300000.0,237200000.0
The SpongeBob Movie: Sponge Out of Water,163000000.0,162200000.0
Maze Runner: The Scorch Trials,81700000.0,230600000.0
The Divergent Series: Insurgent,130199999.0,167100000.0
Pitch Perfect 2,184300000.0,103200000.0
Paddington,76300000.0,191800000.0
Mojin: The Lost Legend,1200000.0,258100000.0
Lost in Hong Kong,1300000.0,255000000.0
The Peanuts Movie,130199999.0,116100000.0
Pixels,78700000.0,166100000.0
Daddy's Home,150400000.0,92400000.0
Spy,110800000.0,124800000.0
Alvin and the Chipmunks: The Road Chip,85900000.0,148900000.0
Goodbye Mr. Loser,1300000.0,226800000.0
Ted 2,81500000.0,135200000.0
Tomorrowland,93400000.0,115700000.0
Everest (2015),43500000.0,159900000.0
Straight Outta Compton,161200000.0,40400000.0
The Intern,75800000.0,118800000.0
Jupiter Ascending,47400000.0,136600000.0
Creed,109800000.0,63800000.0
Fantastic Four,56100000.0,111900000.0
Bridge of Spies,72300000.0,93200000.0
Focus (2015),53900000.0,105200000.0
The Hateful Eight,54100000.0,101600000.0
Goosebumps,80100000.0,70100000.0
The Last Witch Hunter,27400000.0,119600000.0
The Taking of Tiger Mountain,229000.0,141400000.0
Trainwreck,110200000.0,30600000.0
Mr. Six,1400000.0,137800000.0
Point Break (2015),28800000.0,104900000.0
The Big Short,70300000.0,63200000.0
Pan,35100000.0,93300000.0
Wolf Totem,211000.0,125600000.0
Magic Mike XXL,66000000.0,56500000.0
Dragon Blade,74100.0,121500000.0
Seventh Son,17200000.0,97000000.0
Insidious Chapter 3,52200000.0,60800000.0
Get Hard,90400000.0,21400000.0
The Man From U.N.C.L.E.,45400000.0,64400000.0
Paul Blart: Mall Cop 2,71000000.0,36600000.0
Shaun the Sheep Movie,19400000.0,86800000.0
Sisters,87000000.0,18000000.0
Vacation,58900000.0,46000000.0
Chappie,31600000.0,70500000.0
Joy,56500000.0,44700000.0
Black Mass,62600000.0,37200000.0
Devil and Angel (E Gun Tian Shi),131000.0,98500000.0
The Visit,65200000.0,33200000.0
Spotlight,45100000.0,53200000.0
Poltergeist (2015),47400000.0,48000000.0
In the Heart of the Sea,25000000.0,68900000.0
Southpaw,52400000.0,39500000.0
The Second Best Exotic Marigold Hotel,33100000.0,52900000.0
Paper Towns,32000000.0,53500000.0
Sicario,46900000.0,38000000.0
Hitman: Agent 47,22500000.0,59900000.0
The Wedding Ringer,64500000.0,15300000.0
Paranormal Activity: The Ghost Dimension,18300000.0,60600000.0
Crimson Peak,31100000.0,43600000.0
The Transporter Refueled,16000000.0,56600000.0
Run All Night,26500000.0,45200000.0
The Age of Adaline,42600000.0,23000000.0
The Danish Girl,11100000.0,53100000.0
Unfriended,32500000.0,31600000.0
The Longest Ride,37400000.0,25500000.0
Brooklyn,38300000.0,23800000.0
Dragon Ball Z: Resurrection 'F',8000000.0,53800000.0
Woman in Gold,33299999.0,28300000.0
Krampus,42700000.0,18800000.0
The Walk,10100000.0,51000000.0
The Perfect Guy,57000000.0,3200000.0
The Gift (2015),43800000.0,15200000.0
No Escape,27300000.0,27100000.0
Sinister 2,27700000.0,25100000.0
Prem Ratan Dhan Payo,4400000.0,48200000.0
The Boy Next Door,35400000.0,17000000.0
The Night Before,43000000.0,9300000.0
Hot Pursuit,34600000.0,17100000.0
The 100-Year Old Man Who Climbed Out the Window and Disappeared,944000.0,50200000.0
The Himalayas,697000.0,49800000.0
Entourage,32400000.0,16900000.0
The Woman in Black 2: Angel of Death,26500000.0,22400000.0
Concussion (2015),34500000.0,14100000.0
Mortdecai,7700000.0,39600000.0
Coming Home (2015),378000.0,46400000.0
"McFarland, USA",44500000.0,1200000.0
Max (2015),42700000.0,1300000.0
Still Alice,18800000.0,25100000.0
The DUFF,34000000.0,9500000.0
Legend,1900000.0,41100000.0
The Gallows,22800000.0,20200000.0
Love the Coopers,26300000.0,16100000.0
The Lady in the Van,10000000.0,31400000.0
Ricki and the Flash,26800000.0,14500000.0
Carol,12700000.0,27600000.0
The Lazarus Effect,25800000.0,12600000.0
The Water Diviner,4200000.0,34000000.0
A Walk in the Woods,29500000.0,8000000.0
Ex Machina,25400000.0,11400000.0
Burnt,13700000.0,23000000.0
Room,14700000.0,20700000.0
The Secret in their Eyes (2015),20200000.0,14700000.0
Steve Jobs,17800000.0,16700000.0
Victor Frankenstein,5800000.0,28500000.0
Project Almanac,22300000.0,10900000.0
Self/Less,12300000.0,18200000.0
Far from the Madding Crowd,12200000.0,18000000.0
Mr. Holmes,17700000.0,11600000.0
Love & Mercy,12600000.0,16100000.0
Irrational Man,4000000.0,23400000.0
American Ultra,14400000.0,12700000.0
Wild Tales,3100000.0,23900000.0
Aloha,21100000.0,5200000.0
"Love, Rosie",20400.0,25600000.0
The 33,12200000.0,12700000.0
Capture the Flag,6700.0,24600000.0
The Gunman,10700000.0,13500000.0
Go Away Mr. Tumor,287000.0,21500000.0
Blackhat,8000000.0,11600000.0
Dope,17500000.0,480000.0
Brothers: Blood Against Blood,614000.0,17200000.0
While We're Young,7600000.0,9700000.0
Monkey Kingdom,16399999.0,711000.0
Macbeth (2015),1100000.0,15200000.0
Scouts Guide to the Zombie Apocalypse,3700000.0,12400000.0
Suffragette,4700000.0,11300000.0
Unfinished Business,10200000.0,4200000.0
Do You Believe?,13000000.0,1400000.0
Strange Magic,12400000.0,1200000.0
Hot Tub Time Machine 2,12300000.0,767000.0
Child 44,1200000.0,11700000.0
We Are Your Friends,3600000.0,7500000.0
Danny Collins,5600000.0,5200000.0
Kung Fu Killer,130000.0,10000000.0
A Little Chaos,558000.0,9500000.0
The Loft,6000000.0,4099999.0
The Young & Prodigious T.S. Spivet,174000.0,9300000.0
Shanghai,46400.0,9200000.0
Me and Earl and the Dying Girl,6800000.0,2300000.0
Shaandaar,522000.0,7800000.0
Trumbo (2015),7900000.0,378000.0
Grandma (2015),7000000.0,107000.0
What We Do in the Shadows,3500000.0,2800000.0
Anomalisa,3800000.0,1900000.0
Pawn Sacrifice,2400000.0,3100000.0
Serena,176000.0,4900000.0
Mr. X,45000.0,5000000.0
Back to the Future Day,1700000.0,3200000.0
Trash,17500.0,4800000.0
"Buen Dia, Ramon",154000.0,4500000.0
Hamari Adhuri Kahani,235000.0,4200000.0
Escobar: Paradise Lost,196000.0,3600000.0
By the Sea,538000.0,2800000.0
Sleeping with Other People,819000.0,2400000.0
Jimmy's Hall,561000.0,2600000.0
Remember (Canada Release),547000.0,2500000.0
Captive (2015),2600000.0,218000.0
He Named Me Malala,2700000.0,97100.0
Jem and the Holograms,2200000.0,149000.0
Beloved Sisters,54000.0,2200000.0
The Riot Club,7700.0,2100000.0
Janis: Little Girl Blue,410000.0,1200000.0
'71,1300000.0,355000.0
Maps to the Stars,351000.0,988000.0
Cartel Land,704000.0,422000.0
The D Train,673000.0,102000.0
Black Panthers: Vanguard of the Revolution,517000.0,67200.0
Love Thy Nature,41100.0,11800.0
Captain America: Civil War,408100000.0,745200000.0
Rogue One: A Star Wars Story,532200000.0,523900000.0
Finding Dory,486300000.0,542300000.0
Zootopia,341300000.0,682500000.0
The Jungle Book (2016),364000000.0,602500000.0
The Secret Life of Pets,368400000.0,507100000.0
Batman v Superman: Dawn of Justice,330400000.0,543300000.0
Fantastic Beasts and Where To Find Them,234000000.0,580000000.0
Deadpool,363100000.0,420000000.0
Suicide Squad,325100000.0,421700000.0
Doctor Strange,232600000.0,445100000.0
Moana,248800000.0,394600000.0
Sing,270400000.0,363800000.0
The Mermaid (Mei ren yu),3200000.0,550600000.0
X-Men: Apocalypse,155400000.0,388500000.0
Kung Fu Panda 3,143500000.0,377600000.0
La La Land,151100000.0,295000000.0
Warcraft,47400000.0,386300000.0
Jason Bourne,162400000.0,253100000.0
Ice Age: Collision Course,64099999.0,344500000.0
Independence Day: Resurgence,103100000.0,286500000.0
Monster Hunt,32800.0,385300000.0
The Legend of Tarzan,126600000.0,230100000.0
The Angry Birds Movie,107500000.0,244800000.0
Trolls,153700000.0,193200000.0
Star Trek Beyond,158800000.0,184600000.0
Now You See Me 2,65099999.0,269800000.0
The Conjuring 2,102500000.0,217900000.0
Passengers (2016),100000000.0,203100000.0
Dangal,12400000.0,290500000.0
Alice Through the Looking Glass,77000000.0,222400000.0
Miss Peregrine's Home for Peculiar Children,87200000.0,209200000.0
Teenage Mutant Ninja Turtles: Out of the Shadows,82100000.0,163600000.0
Assassin's Creed,54600000.0,186300000.0
Sully,125100000.0,115700000.0
Hidden Figures,169600000.0,66300000.0
Ghostbusters (2016),128400000.0,100800000.0
Inferno,34300000.0,185700000.0
Central Intelligence,127400000.0,89500000.0
Bridget Jones's Baby,24300000.0,187700000.0
Me Before You,56200000.0,152100000.0
London Has Fallen,62500000.0,143200000.0
Arrival,100500000.0,102800000.0
The Monkey King 2 in 3D,710000.0,193000000.0
Bad Moms,113300000.0,70700000.0
Storks,72700000.0,110700000.0
The BFG,55500000.0,127900000.0
The Divergent Series: Allegiant,66200000.0,113100000.0
Hacksaw Ridge,67200000.0,108100000.0
The Girl on the Train (2016),75400000.0,97800000.0
Operation Mekong,800000.0,172300000.0
The Huntsman: Winter's War,48400000.0,116600000.0
The Magnificent Seven (2016),93400000.0,68900000.0
Jack Reacher: Never Go Back,58700000.0,103400000.0
Don't Breathe,89200000.0,67900000.0
Ip Man 3,2700000.0,154200000.0
The Accountant,86300000.0,68900000.0
Gods of Egypt,31200000.0,119500000.0
Lights Out,67300000.0,81600000.0
Pete's Dragon (2016),76200000.0,67500000.0
Sausage Party,97700000.0,43000000.0
Lion,51700000.0,88600000.0
Detective Chinatown (Tang ren jie tan an),474000.0,125400000.0
Mechanic: Resurrection,21200000.0,104500000.0
Ride Along 2,91200000.0,33400000.0
Deepwater Horizon,61400000.0,60400000.0
Allied,40100000.0,79400000.0
The Shallows,55100000.0,64000000.0
The Purge: Election Year,79200000.0,39400000.0
Why Him?,60300000.0,57800000.0
Office Christmas Party,54800000.0,59700000.0
How to Be Single,46800000.0,65500000.0
10 Cloverfield Lane,72100000.0,38100000.0
The 5th Wave,34900000.0,75000000.0
Neighbors 2: Sorority Rising,55500000.0,52600000.0
Cold War 2,561000.0,102600000.0
The Little Prince,1300000.0,96200000.0
Dirty Grandpa,35600000.0,58500000.0
Ben-Hur (2016),26400000.0,67700000.0
Money Monster,41000000.0,52300000.0
My Big Fat Greek Wedding 2,59700000.0,29200000.0
Collateral Beauty,31000000.0,57500000.0
Train to Busan,2100000.0,85400000.0
Sultan,6200000.0,81100000.0
War Dogs,43000000.0,43200000.0
Nerve,38600000.0,46700000.0
Ouija: Origin of Evil,35100000.0,46600000.0
Manchester by the Sea,47700000.0,31300000.0
The Boss,63300000.0,15600000.0
Shin Godzilla,1900000.0,76000000.0
Mike and Dave Need Wedding Dates,46000000.0,31100000.0
Boo! A Madea Halloween,73200000.0,1600000.0
Miracles from Heaven,61700000.0,12200000.0
I Am Not Madame Bovary,437000.0,70400000.0
Kubo and the Two Strings,48000000.0,21900000.0
13 Hours: The Secret Soldiers of Benghazi,52900000.0,16600000.0
Moonlight (2016),27900000.0,37200000.0
Fences,57700000.0,6700000.0
The Boy (2016),35800000.0,28400000.0
"Hail, Caesar!",30500000.0,33100000.0
The Nice Guys,36300000.0,26500000.0
L.O.R.D: Legend of Ravaging Dynasties,350000.0,57700000.0
Nine Lives (2016),19700000.0,38100000.0
Zoolander 2,28800000.0,27900000.0
Barbershop: The Next Cut,54000000.0,1000000.0
The Finest Hours,27600000.0,24500000.0
Master,597000.0,51000000.0
Patriots Day,31900000.0,18700000.0
Florence Foster Jenkins,27400000.0,21500000.0
Mother's Day,32500000.0,15900000.0
Luck-Key,467000.0,47700000.0
Yo-kai Watch: The Movie,257000.0,47600000.0
A Monster Calls,3700000.0,43600000.0
Eddie the Eagle,15800000.0,30400000.0
Risen,36900000.0,9200000.0
Blair Witch,20800000.0,24400000.0
Cafe Society,11100000.0,32700000.0
Almost Christmas,42200000.0,422000.0
The Witch,25100000.0,15300000.0
The Wild Life (2016),8000000.0,31500000.0
Criminal (2016),14700000.0,24100000.0
Absolutely Fabulous: The Movie,4800000.0,33100000.0
Hell or High Water,27000000.0,10900000.0
The Forest,26600000.0,11000000.0
Snowden,21600000.0,15700000.0
Billy Lynn's Long Halftime Walk,1700000.0,29200000.0
When the Bough Breaks,29700000.0,911000.0
Nocturnal Animals,10700000.0,19600000.0
Keeping Up with the Joneses,14900000.0,15000000.0
Ae Dil Hai Mushkil,4300000.0,24100000.0
Fan,2300000.0,25900000.0
M.S. Dhoni: The Untold Story,1800000.0,26000000.0
The Light Between Oceans,12500000.0,13400000.0
The Brothers Grimsby,6900000.0,18300000.0
Race (2016),19200000.0,5900000.0
Free State of Jones,20800000.0,4200000.0
A Beautiful Planet,15500000.0,9400000.0
God's Not Dead 2,20800000.0,3700000.0
Silence (2016),7100000.0,16600000.0
Middle School: The Worst Years of My Life,20000000.0,3300000.0
Triple 9,12600000.0,10500000.0
Captain Fantastic,5900000.0,16900000.0
Live By Night,10400000.0,12300000.0
Julieta,1500000.0,21000000.0
Fifty Shades of Black,11700000.0,10500000.0
El Clan,201000.0,20200000.0
The Edge of Seventeen,14400000.0,4400000.0
Regression,55000.0,17600000.0
Neerja,1600000.0,16000000.0
Hardcore Henry,9300000.0,7600000.0
Pride and Prejudice and Zombies,10900000.0,5500000.0
Kapoor & Sons - Since 1921,2600000.0,12800000.0
The Take (2016),50300.0,14800000.0
Sword Master,75500.0,14600000.0
The Other Side of the Door,3000000.0,11300000.0
Sing Street,3200000.0,10400000.0
Shut In,6900000.0,6200000.0
Loving,7800000.0,5200000.0
The Beatles: Eight Days a Week - The Touring Years,2900000.0,9400000.0
The Man Who Knew Infinity,3900000.0,8400000.0
Our Kind of Traitor,3200000.0,7600000.0
The Perfect Match,9700000.0,745000.0
Queen of Katwe,8900000.0,1500000.0
Miss Sloane,3500000.0,5600000.0
Morgan,3900000.0,4900000.0
My King (Mon roi),54100.0,7900000.0
Pele: Birth of a Legend,57000.0,7800000.0
A Bigger Splash,2000000.0,5500000.0
Southside with You,6300000.0,208000.0
Incarnate,4800000.0,1500000.0
Max Steel,3800000.0,2500000.0
Midnight Special,3700000.0,2500000.0
The Duelist,13500.0,6100000.0
The Autopsy of Jane Doe,10500.0,6000000.0
My Best Friend's Wedding (2016),78600.0,5600000.0
Genius,1400000.0,4300000.0
Men & Chicken,30200.0,4600000.0
Indignation,3400000.0,523000.0
Rules Don't Apply,3700000.0,233000.0
Naam Hai Akira,219000.0,3500000.0
Miles Ahead,2600000.0,850000.0
The Program (2016),13100.0,3300000.0
Desierto,2000000.0,1000000.0
Hillsong - Let Hope Rise,2400000.0,255000.0
El Jeremias,650000.0,1900000.0
Equals,33300.0,2100000.0
American Honey,663000.0,1200000.0
A Perfect Day,14000.0,1700000.0
Rustom,1100000.0,571000.0
Ma ma,47300.0,1100000.0
The Monster (2016),12500.0,62200.0
Troublemakers: The Story of Land Art,29500.0,9100.0
Star Wars: The Last Jedi,620200000.0,712400000.0
Beauty and the Beast (2017),504000000.0,759500000.0
The Fate of the Furious,226000000.0,1010.0
Despicable Me 3,264600000.0,770200000.0
Jumanji: Welcome to the Jungle,404500000.0,557600000.0
Spider-Man: Homecoming,334200000.0,546000000.0
Wolf Warrior 2,2700000.0,867600000.0
Guardians of the Galaxy Vol. 2,389800000.0,473900000.0
Thor: Ragnarok,315100000.0,538900000.0
Wonder Woman,412600000.0,409300000.0
Coco,209700000.0,597400000.0
Pirates of the Caribbean: Dead Men Tell No Tales,172600000.0,622300000.0
It,327500000.0,372900000.0
Justice League,229000000.0,428900000.0
Logan (2017),226300000.0,392700000.0
Transformers: The Last Knight,130199999.0,475300000.0
Kong: Skull Island,168100000.0,398600000.0
The Boss Baby,175000000.0,353000000.0
Dunkirk,188000000.0,337200000.0
War for the Planet of the Apes,146900000.0,343800000.0
The Greatest Showman,174300000.0,260700000.0
Kingsman: The Golden Circle,100200000.0,310700000.0
The Mummy (2017),80200000.0,329000000.0
Cars 3,152900000.0,231000000.0
Fifty Shades Darker,114600000.0,267000000.0
Your Name.,5000000.0,353000000.0
Murder on the Orient Express (2017),102800000.0,250000000.0
xXx: The Return of Xander Cage,44900000.0,301200000.0
The Great Wall,45500000.0,289400000.0
Resident Evil: The Final Chapter,26800000.0,285400000.0
The LEGO Batman Movie,175800000.0,136200000.0
Annabelle: Creation,102100000.0,204400000.0
Wonder,132400000.0,173500000.0
Ferdinand,84400000.0,211700000.0
Split,138300000.0,140200000.0
Blade Runner 2049,92100000.0,167200000.0
Get Out,176000000.0,79400000.0
Kung Fu Yoga,363000.0,253800000.0
Baahubali 2: The Conclusion,20200000.0,234000000.0
Journey to the West: The Demons Strike Back,880000.0,245700000.0
Alien: Covenant,74300000.0,166600000.0
Baby Driver,107800000.0,119100000.0
Valerian and the City of a Thousand Planets,41200000.0,184700000.0
Geostorm,33700000.0,187900000.0
The Emoji Movie,86100000.0,131699999.0
A Dog's Purpose,64500000.0,140500000.0
Smurfs: The Lost Village,45000000.0,152200000.0
The Shape of Water,63900000.0,131400000.0
Pitch Perfect 3,104900000.0,80500000.0
Daddy's Home 2,104000000.0,76600000.0
The Post,81900000.0,97900000.0
Baywatch,58100000.0,119800000.0
The Hitman's Bodyguard,75500000.0,101100000.0
John Wick: Chapter Two,92000000.0,79500000.0
Ghost in the Shell (2017),40600000.0,129199999.0
"Three Billboards Outside Ebbing, Missouri",54500000.0,104700000.0
Duckweed,472000.0,150600000.0
Darkest Hour,56500000.0,94400000.0
King Arthur: Legend of the Sword,39200000.0,109500000.0
The Foreigner,34400000.0,111000000.0
Power Rangers (2017),85400000.0,57000000.0
Girls Trip,115200000.0,25400000.0
American Made,51300000.0,83500000.0
A Bad Moms Christmas,72100000.0,58400000.0
Captain Underpants: The First Epic Movie,73900000.0,51600000.0
Happy Death Day,55700000.0,69800000.0
The LEGO Ninjago Movie,59300000.0,63800000.0
The Dark Tower,50700000.0,62500000.0
Buddies in India,293000.0,109300000.0
Leap!,21900000.0,81400000.0
Jigsaw,38100000.0,64900000.0
Railroad Tigers,218000.0,102000000.0
Life (2017),30200000.0,70300000.0
Atomic Blonde,51700000.0,48300000.0
The Shack,57400000.0,39600000.0
Some Like It Hot (Qing Shung),100000.0,95600000.0
Tiger Zinda Hai,5600000.0,81800000.0
Going in Style (2017),45000000.0,39900000.0
Rings,27800000.0,55300000.0
A Taxi Driver,1500000.0,80100000.0
Underworld: Blood Wars,30400000.0,50700000.0
Lady Bird,49000000.0,30000000.0
American Assassin,36200000.0,31000000.0
One Piece Film: Gold,424000.0,65800000.0
Victoria and Abdul,22200000.0,43200000.0
The Nut Job 2: Nutty by Nature,28400000.0,36800000.0
Monster Trucks,33400000.0,31100000.0
The Mountain Between Us,30300000.0,32500000.0
The Star,40900000.0,22000000.0
How to be a Latin Lover,32100000.0,29700000.0
"Everything, Everything",34100000.0,27500000.0
Snatched,45900000.0,15000000.0
My Little Pony: The Movie,21900000.0,38400000.0
Molly's Game,28800000.0,30500000.0
All the Money in the World,25100000.0,31900000.0
The Big Sick,42900000.0,13500000.0
Confidential Assignment,476000.0,55500000.0
Downsizing,24400000.0,30600000.0
"I, Tonya",30000000.0,23900000.0
Logan Lucky,27800000.0,20700000.0
Tyler Perry's Boo 2! A Madea Halloween,47300000.0,1000000.0
Phantom Thread,21200000.0,26600000.0
Rough Night,22100000.0,25200000.0
The Battleship Island,1100000.0,45000000.0
Flatliners (2017),16900000.0,28300000.0
mother!,17800000.0,26700000.0
The Snowman,6700000.0,36400000.0
Gifted,24800000.0,18200000.0
Loving Vincent,6700000.0,35500000.0
Call Me by Your Name,18100000.0,23800000.0
T2: Trainspotting,2400000.0,39300000.0
Fist Fight,32200000.0,8900000.0
Diary of a Wimpy Kid: The Long Haul,20700000.0,19400000.0
The House,25600000.0,8600000.0
Tad the Lost Explorer and the Secret of King Midas,5900.0,34200000.0
Sleepless,20800000.0,12100000.0
The Disaster Artist,21100000.0,8700000.0
The Beguiled (2017),10700000.0,16700000.0
Judwaa 2,1400000.0,25500000.0
CHiPs,18600000.0,8199999.0
The Bye Bye Man,22400000.0,4300000.0
A Cure for Wellness,8100000.0,18500000.0
The Zookeeper's Wife,17600000.0,8600000.0
Only The Brave,18300000.0,7400000.0
Father Figures,17500000.0,8100000.0
Badrinath Ki Dulhania,2000000.0,23200000.0
Born in China,13900000.0,11200000.0
The Founder,12800000.0,11300000.0
Jolly Llb 2,1700000.0,21300000.0
The Glass Castle,17300000.0,4600000.0
Sword Art Online: The Movie - Ordinal Scale,1500000.0,19200000.0
It Comes At Night,14000000.0,5300000.0
The Lost City of Z,8600000.0,10700000.0
Unforgettable (2017),11400000.0,6400000.0
The Case for Christ,14700000.0,3000000.0
Wonder Wheel,1400000.0,14500000.0
Gold,7200000.0,7700000.0
The Space Between Us,7900000.0,6900000.0
A United Kingdom,3900000.0,9900000.0
"Roman J. Israel, Esq.",12000000.0,1100000.0
Mubarakan,759000.0,12100000.0
The Promise (2017),8199999.0,4200000.0
Earth: One Amazing Day,81300.0,11600000.0
My Cousin Rachel,2700000.0,6500000.0
Truman,211000.0,8800000.0
Stronger,4200000.0,4200000.0
Tulip Fever,2500000.0,5900000.0
Viceroy's House,1100000.0,6700000.0
Amityville: The Awakening,700.0,7700000.0
Just Getting Started,6100000.0,1600000.0
Beatriz At Dinner,7100000.0,310000.0
The Red Turtle,922000.0,5700000.0
From the Land of the Moon,47700.0,6500000.0
All Saints,5800000.0,140000.0
Phillauri,468000.0,5000000.0
Ok Jaanu,356000.0,5000000.0
An Inconvenient Sequel: Truth to Power,3500000.0,1900000.0
Table 19,3600000.0,1400000.0
Collide,2300000.0,2500000.0
The Wall,1800000.0,2700000.0
Mark Felt: The Man Who Brought Down the White House,769000.0,3600000.0
Terminator 2: Judgment Day 3D,1000000.0,2900000.0
Brad's Status,2100000.0,1700000.0
Wonderstruck,1100000.0,2200000.0
Raw (2017),515000.0,2600000.0
A Gentleman,410000.0,2500000.0
Inhumans,1500000.0,1300000.0
The Only Living Boy in New York,624000.0,1900000.0
Poster Boys,97000.0,2400000.0
Last Flag Flying,965000.0,904000.0
Human Flow,528000.0,1300000.0
Patti Cake$,800000.0,682000.0
6 Below: Miracle on the Mountain,14800.0,1100000.0
Buena Vista Social Club: Adios,123000.0,578000.0
3 Generations,156000.0,375000.0
Letters from Baghdad,360000.0,143000.0
City of Ghosts,128000.0,100000.0
Avengers: Infinity War,678800000.0,1369.5
Black Panther,700100000.0,646900000.0
Jurassic World: Fallen Kingdom,417700000.0,891800000.0
Incredibles 2,608600000.0,634200000.0
Aquaman,335100000.0,812700000.0
Bohemian Rhapsody,216400000.0,687200000.0
Venom (2018),213500000.0,641500000.0
Mission: Impossible - Fallout,220200000.0,571000000.0
Deadpool 2,318500000.0,460500000.0
Fantastic Beasts: The Crimes of Grindelwald,159600000.0,494100000.0
Ant-Man and the Wasp,216600000.0,406000000.0
Ready Player One,137700000.0,445200000.0
Operation Red Sea,1500000.0,577700000.0
Detective Chinatown 2,2000000.0,542100000.0
The Meg,145400000.0,384800000.0
Ralph Breaks the Internet,201100000.0,328100000.0
Hotel Transylvania 3: Summer Vacation,167500000.0,361100000.0
Dr. Seuss' The Grinch (2018),270600000.0,241000000.0
Bumblebee,127200000.0,340800000.0
A Star is Born (2018),215300000.0,218900000.0
Rampage (2018),101000000.0,327000000.0
Mamma Mia! Here We Go Again,120600000.0,274400000.0
Solo: A Star Wars Story,213800000.0,179200000.0
Spider-Man: Into The Spider-Verse,190200000.0,185300000.0
Fifty Shades Freed,100400000.0,271500000.0
The Nun,117500000.0,248100000.0
Monster Hunt 2,706000.0,361000000.0
Peter Rabbit,115300000.0,236000000.0
Mary Poppins Returns,172000000.0,177600000.0
A Quiet Place,188000000.0,152900000.0
Green Book,85100000.0,234700000.0
Skyscraper,68400000.0,236400000.0
Ocean's 8,140200000.0,157500000.0
Pacific Rim Uprising,59900000.0,231100000.0
Maze Runner: The Death Cure,58000000.0,230200000.0
Tomb Raider,58300000.0,216400000.0
Halloween (2018),159300000.0,96100000.0
Crazy Rich Asians,174500000.0,64000000.0
Paddington 2,40900000.0,186400000.0
Smallfoot,83200000.0,130900000.0
Creed II,115700000.0,98300000.0
Disney's Christopher Robin,99200000.0,98500000.0
The Equalizer 2,102100000.0,88300000.0
The Nutcracker and the Four Realms,54900000.0,119100000.0
The Mule,103800000.0,68700000.0
Insidious: The Last Key,67700000.0,100100000.0
The Predator (2018),51000000.0,109500000.0
Johnny English Strikes Again,4400000.0,154500000.0
Red Sparrow,46900000.0,104700000.0
The First Purge,69500000.0,67500000.0
A Wrinkle in Time,100500000.0,32200000.0
The House With A Clock In Its Walls,68500000.0,62900000.0
Instant Family,67400000.0,53200000.0
The Commuter,36300000.0,83600000.0
Game Night,69200000.0,48500000.0
The Monkey King 3,187000.0,114900000.0
First Man,44900000.0,60800000.0
Night School (2018),77300000.0,25800000.0
Alpha,35900000.0,62300000.0
A Simple Favor,53500000.0,44100000.0
The Favourite,34400000.0,61600000.0
Truth or Dare,41400000.0,53900000.0
I Feel Pretty,48800000.0,45700000.0
Blockers,60300000.0,33700000.0
Goosebumps 2: Haunted Halloween,46700000.0,46600000.0
BlacKkKlansman,49300000.0,44000000.0
Overboard (2018),50300000.0,40900000.0
Sherlock Gnomes,43200000.0,47100000.0
Robin Hood (2018),30800000.0,54000000.0
Mortal Engines,16000000.0,67700000.0
How Long Will I Love U,747000.0,82100000.0
Den of Thieves,44900000.0,35600000.0
Hereditary,44100000.0,35300000.0
Tag,54700000.0,23400000.0
Vice,47800000.0,28200000.0
Widows,42400000.0,33600000.0
Sicario: Day of the Soldado,50100000.0,25800000.0
Searching,26000000.0,49400000.0
The Spy Who Dumped Me,33600000.0,41800000.0
Second Act,39300000.0,33000000.0
Sanju,7900000.0,63600000.0
12 Strong,45800000.0,21600000.0
"Love, Simon",40800000.0,25500000.0
Mile 22,36100000.0,30200000.0
Life of the Party,53100000.0,12800000.0
Isle Of Dogs,32000000.0,32200000.0
Adrift,31400000.0,28500000.0
The 15:17 to Paris,36300000.0,20800000.0
Early Man,8300000.0,46400000.0
Peppermint,35400000.0,18400000.0
Teen Titans Go! To The Movies,29800000.0,22300000.0
Slender Man,30600000.0,21200000.0
Breaking In (2018),46800000.0,4600000.0
Once Upon a Deadpool,6100000.0,44400000.0
The Son of Bigfoot,289000.0,46800000.0
Uncle Drew,42500000.0,4200000.0
Tyler Perry's Acrimony,43500000.0,2900000.0
Mary Queen of Scots,16500000.0,29900000.0
The Possession of Hannah Grace,14800000.0,28200000.0
Overlord,21700000.0,20000000.0
The Darkest Minds,12700000.0,28400000.0
Holmes and Watson,30600000.0,9900000.0
Show Dogs,17900000.0,21300000.0
On the Basis of Sex,24600000.0,13600000.0
Namiya,70800.0,35300000.0
The Girl in the Spider's Web: A New Dragon Tattoo Story,14800000.0,20300000.0
The Hate U Give,29700000.0,5200000.0
Nobody's Fool,31700000.0,1800000.0
Bad Times At The El Royale,17800000.0,14000000.0
Baaghi 2,1300000.0,29900000.0
The Happytime Murders,20700000.0,6800000.0
Midnight Sun,9600000.0,17800000.0
Pad Man,1700000.0,25600000.0
Monster Family,127000.0,26300000.0
White Boy Rick,24000000.0,1900000.0
The Death of Stalin,8000000.0,16600000.0
"Paul, Apostle of Christ",17600000.0,5500000.0
Padmaavat,11800000.0,11100000.0
Proud Mary,20900000.0,876000.0
Superfly,20500000.0,236000.0
If Beale Street Could Talk,14900000.0,5700000.0
Burn the Stage: The Movie,4200000.0,16100000.0
Detective K: Secret of the Living Dead,104000.0,18500000.0
The Wife,9600000.0,8600000.0
Hell Fest,11100000.0,7100000.0
Chappaquiddick,17400000.0,591000.0
The Children Act,548000.0,17000000.0
Beautiful Boy (2018),7600000.0,8700000.0
Tully (2018),9400000.0,6300000.0
Unfriended: Dark Web,8900000.0,6300000.0
Upgrade,12000000.0,2400000.0
Unsane,7700000.0,6600000.0
The Sisters Brothers,3100000.0,10000000.0
Welcome to Marwen,10800000.0,2100000.0
Hotel Artemis,6700000.0,6000000.0
Marrowbone,1400.0,12300000.0
102 Not Out,1300000.0,10900000.0
Boy Erased,6800000.0,5000000.0
Back to Burgundy,258000.0,11400000.0
The Bookshop,1600000.0,9900000.0
Gringo,5000000.0,6000000.0
Golden Slumber,94500.0,10600000.0
Kin,5700000.0,4300000.0
The Big Bad Fox and Other Tales,35800.0,9600000.0
Traffik,9200000.0,336000.0
7 Days in Entebbe,3300000.0,5400000.0
Pope Francis - A Man of His Word,2000000.0,6600000.0
Condorito: La Pelicula,448000.0,8000000.0
Suspiria,2500000.0,5400000.0
Disobedience,3500000.0,4400000.0
Qu√© Le√≥n (What A Lion),2600000.0,5200000.0
Life Itself (2018),4099999.0,3700000.0
Beirut,5000000.0,2500000.0
Return of the Hero,37100.0,7300000.0
Soorma,390000.0,6200000.0
Destroyer,1500000.0,4000000.0
Madame,91000.0,5300000.0
Blindspotting,4300000.0,530000.0
Papillon (2018),2300000.0,2200000.0
The Mercy,29500.0,4200000.0
Hichki,330000.0,3900000.0
Don't Worry He Won't Get Far on Foot,1400000.0,2500000.0
A Private War,1600000.0,2200000.0
Gauguin: Voyage to Tahiti,200000.0,3100000.0
The Front Runner,2000000.0,1200000.0
Wildlife,1100000.0,2000000.0
Billionaire Boy's Club,1300.0,2500000.0
Bilal: A New Breed of Hero,491000.0,1700000.0
I Still See You,1400.0,1500000.0
The Catcher Was a Spy,725000.0,229000.0
Time Freak,10000.0,256000.0
Reign of Judges: Title of Liberty - Concept Short,93200.0,5200.0
Antonio Lopez 1970: Sex Fashion & Disco,43200.0,30000.0
